TYPE (g - grad/u - undergrad/b - both),school,years,url
u,alma,16-17,https://www.alma.edu/live/files/1580-2016-17-academic-catalog
u,alma,17-18,https://www.alma.edu/live/files/2266-2017-18-academic-catalog
u,alma,18-19,https://www.alma.edu/live/files/2859-2018-19-academic-catalog
u,alma,19-20,https://www.alma.edu/live/files/3555-2019-20-academic-catalog
u,ballstate,19-20,https://www.bsu.edu/-/media/www/departmentalcontent/academicsystems/smartcatalog%20pdfs/19-20%20undergraduate%20catalog%20pdf.pdf?la=en&hash=950D0FCE12C3BF8D530AE2FE84F2ECA168878D90
g,ballstate,19-20,https://www.bsu.edu/-/media/www/departmentalcontent/academicsystems/smartcatalog%20pdfs/19-20%20graduate%20catalog%20pdf.pdf?la=en&hash=8A8E1A2B28EFFDAB5B12030F9BA30A676779129D
u,bowdoin,16-17,https://www.bowdoin.edu/registrar/pdf/academic-handbook-2016-2017.pdf
u,bowdoin,17-18,https://www.bowdoin.edu/registrar/pdf/academic-handbook-2017-2018.pdf
u,bowdoin,18-19,https://www.bowdoin.edu/registrar/pdf/academic-handbook-2018-2019.pdf
u,bowdoin,19-20,https://bowdoin-public.courseleaf.com/pdf/Bowdoin%20Courses%202019-2020.pdf
u,brown,16-17,https://bulletin.brown.edu/pdf/2016-17-cab.pdf
u,brown,17-18,https://bulletin.brown.edu/pdf/2017-18-cab.pdf
u,brown,18-19,https://bulletin.brown.edu/pdf/2018-19-cab.pdf
u,brown,19-20,https://bulletin.brown.edu/pdf/2019-20-cab.pdf
u,brown,20-21,https://bulletin.brown.edu/pdf/2020-21-cab.pdf
u,caldwell,16-17,https://my.caldwell.edu/ICS/icsfs/1617_UG.pdf?target=c06721ad-4beb-434f-a5e0-fea9583690dc
g,caldwell,16-18,https://my.caldwell.edu/ICS/icsfs/1618_Grad_Catalog.pdf?target=c519d0e2-8e9a-4da1-9cde-489f82549154
u,caldwell,17-18,https://my.caldwell.edu/ICS/icsfs/1718Undergrad.pdf?target=dfe6754a-d1a9-4009-aa6f-18730259255d
u,caldwell,18-19,https://my.caldwell.edu/ICS/icsfs/19213-7_UG_Catalog_2018-20_LINKS_(5).pdf?target=93e5b5ee-0bf7-4a50-93cc-747439e8598f
g,caldwell,18-20,https://my.caldwell.edu/ICS/icsfs/Grad-Catalog-2018-20-1.pdf?target=9c58e91c-e9f1-40f4-93cd-ff8c04b38a35
u,caldwell,19-20,https://my.caldwell.edu/ICS/icsfs/20312-7_UG_Catalog_2019-20_LINKS_(2).pdf?target=c8e5f751-1eae-44d0-b158-49c55c31d1d5
u,carleton,16-17,https://apps.carleton.edu/campus/registrar/catalog/2016/assets/2016_17_Carleton_Academic_Catalog.pdf
u,carleton,17-18,https://apps.carleton.edu/campus/registrar/catalog/2017/assets/2017_18_catalog.pdf
u,carleton,18-19,https://apps.carleton.edu/campus/registrar/assets/2018_catalog_2.pdf
u,carleton,19-20,https://apps.carleton.edu/campus/registrar/assets/2019_20_Carleton_College_Catalog.pdf
u,carlow,16-17,https://www.carlow.edu/uploadedFiles/Academics/Resources_and_Support/Course_Catalogs_and_Descriptions/2016_UndergraduateCourseCatalog_08_19_2016.pdf
g,carlow,16-17,https://www.carlow.edu/uploadedFiles/Academics/Resources_and_Support/Course_Catalogs_and_Descriptions/2016_GraduateCourseCatalog_08_19_2016.pdf
u,carlow,17-18,https://www.carlow.edu/uploadedFiles/Academics/Resources_and_Support/Course_Catalogs_and_Descriptions/2017_undergraduatecoursecatalog_8_25_17.pdf
g,carlow,17-18,https://www.carlow.edu/uploadedFiles/Academics/Resources_and_Support/Course_Catalogs_and_Descriptions/2017_graduatecoursecatalog_8_25_17.pdf.pdf
u,carlow,18-19,https://www.carlow.edu/uploadedFiles/Academics/Resources_and_Support/Course_Catalogs_and_Descriptions/Course_Catalog_Undergraduate_18-19.pdf
g,carlow,18-19,https://www.carlow.edu/uploadedFiles/Academics/Resources_and_Support/Course_Catalogs_and_Descriptions/Course_Catalog_Graduate_18-19.pdf
u,carlow,19-20,https://www.carlow.edu/uploadedFiles/Academics/Resources_and_Support/Course_Catalogs_and_Descriptions/0801019KC_REG_Course%20Catalogs_UNDERGRAD_v5.pdf
g,carlow,19-20,https://www.carlow.edu/uploadedFiles/Academics/Resources_and_Support/Course_Catalogs_and_Descriptions/0801019KC_REG_Course%20Catalogs_GRAD_v4.pdf
u,carnegiemellon,16-17,http://coursecatalog.web.cmu.edu/previous/2016-17.pdf
u,carnegiemellon,17-18,http://coursecatalog.web.cmu.edu/previous/2017-18.pdf
u,carnegiemellon,18-19,http://coursecatalog.web.cmu.edu/previous/2018-19.pdf
u,carnegiemellon,19-20,http://coursecatalog.web.cmu.edu/pdf/2019-20.pdf
u,colgate,18-19,https://catalogue.colgate.edu/mime/media/8/1068/2018-2019+Colgate+University+Catalogue.pdf
u,colgate,19-20,https://catalogue.colgate.edu/mime/media/9/1107/2019_2020+Colgate+University+Catalog.pdf
b,cwru,16-17,https://bulletin.case.edu/pdf/2016-17.pdf
b,cwru,17-18,https://bulletin.case.edu/pdf/2017-18.pdf
b,cwru,18-19,https://bulletin.case.edu/bulletinarchives/2018-19_Case_Western_Reserve_University.pdf
b,cwru,19-20,https://bulletin.case.edu/pdf/all_2019-2020.pdf
u,denison,16-17,https://catalog.denison.edu/previous-editions/course-catalog-2016-2017.pdf
u,denison,17-18,https://catalog.denison.edu/previous-editions/course-catalog-2017-2018.pdf
u,denison,18-19,https://catalog.denison.edu/pdf/course-catalog-2018-2019.pdf
u,denison,19-20,https://catalog.denison.edu/pdf/course-catalog-2019-2020.pdf
u,desales,19-20,https://www.desales.edu/docs/default-source/academic-catalogs/desales-undergrad-catalog.pdf?sfvrsn=e7c21f15_17
g,desales,19-20,https://www.desales.edu/docs/default-source/academic-catalogs/graduate-catalog.pdf?sfvrsn=dfb79cb_15
u,eastcentral,16-17,https://www.ecok.edu/sites/default/files/website_files/Academics/ECU%20Catalog%2016-17%20csc.pdf
u,eastcentral,17-18,https://www.ecok.edu/sites/default/files/website_files/Academics/ECU_Catalog_17-18%20-csc.pdf
u,eastcentral,18-19,https://www.ecok.edu/sites/default/files/website_files/Academics/ECU_Catalog_18-19%20-csc.pdf
b,eastcentral,19-20,https://www.ecok.edu/sites/default/files/website_files/Academics/ECU_Catalog_19-20_Bookmarks%204.16.2020.pdf
u,eaststroudsburg,16-17,https://www.esu.edu/academics/catalog/documents/pdf/undergrad_catalog1617.pdf
g,eaststroudsburg,16-17,https://www.esu.edu/academics/catalog/documents/pdf/grad_catalog1617.pdf
u,eaststroudsburg,17-18,https://www.esu.edu/academics/catalog/documents/pdf/undergrad_catalog1718.pdf
g,eaststroudsburg,17-18,https://www.esu.edu/academics/catalog/documents/pdf/grad_catalog1718.pdf
u,eaststroudsburg,18-19,https://www.esu.edu/academics/catalog/documents/undergrad_catalog1819.pdf
g,eaststroudsburg,18-19,https://www.esu.edu/academics/catalog/documents/grad_catalog1819.pdf
u,eaststroudsburg,19-20,https://www.esu.edu/academics/catalog/documents/undergrad_catalog1920.pdf
g,eaststroudsburg,19-20,https://www.esu.edu/academics/catalog/documents/grad_catalog1920b.pdf
u,framingham,16-17,https://www.framingham.edu/Assets/uploads/academics/catalogs/_documents/undergraduate-catalogs/2016-2017-undergraduate-catalog/undergraduate-catalog-2016-2017.pdf
g,framingham,16-17,https://www.framingham.edu/Assets/uploads/academics/catalogs/_documents/graduate-catalogs/2016-2017-graduate-catalog/graduate-catalog-2016-2017.pdf
u,framingham,17-18,https://www.framingham.edu/Assets/uploads/academics/catalogs/_documents/undergraduate-catalogs/2017-2018-undergraduate-catalog/undergraduate-catalog-2017-2018.pdf
g,framingham,17-18,https://www.framingham.edu/Assets/uploads/academics/catalogs/_documents/graduate-catalogs/2017-2018-graduate-catalog/graduate-catalog-2017-2018.pdf
u,framingham,18-19,https://www.framingham.edu/Assets/uploads/academics/catalogs/_documents/undergraduate-catalogs/2018-2019-undergraduate-catalog/undergraduate-catalog-2018-2019.pdf
g,framingham,18-19,https://www.framingham.edu/Assets/uploads/academics/catalogs/_documents/graduate-catalogs/2018-2019-graduate-catalog/graduate-catalog-2018-2019.pdf
u,framingham,19-20,https://www.framingham.edu/Assets/uploads/academics/catalogs/_documents/undergraduate-catalogs/2019-2020-undergraduate-catalog/undergraduate-catalog-2019-2020.pdf
g,framingham,19-20,https://www.framingham.edu/Assets/uploads/academics/catalogs/_documents/graduate-catalogs/2019-2020-graduate-catalog/graduate-catalog-2019-2020.pdf
u,franklinmarshall,16-17,https://www.fandm.edu/uploads/files/424328682491445596-2016-17-catalog.pdf
u,franklinmarshall,17-18,https://www.fandm.edu/uploads/files/948323203110593715-2017-2018-catalog.pdf
u,franklinmarshall,18-19,https://www.fandm.edu/uploads/files/578720848697254391-2018-2019-catalog.pdf
u,franklinmarshall,19-20,https://www.fandm.edu/uploads/files/43767370380153051-2019-2020-catalog-updated-10-25-19.pdf
b,gatech,17-18,http://catalog.gatech.edu/archived-catalogs/2017-2018/pdf/2017-2018.pdf
b,gatech,18-19,http://catalog.gatech.edu/archived-catalogs/2018-2019/pdf/2018-2019.pdf
b,gatech,19-20,http://catalog.gatech.edu/archived-catalogs/2019-2020//pdf/2019-2020.pdf
b,georgewashington,16-17,http://bulletin.gwu.edu/archives/2016-2017/pdf/2016-17.pdf
b,georgewashington,17-18,http://bulletin.gwu.edu/archives/2017-2018/pdf/2017-18.pdf
b,georgewashington,18-19,http://bulletin.gwu.edu/archives/2018-19.pdf
b,georgewashington,19-20,http://bulletin.gwu.edu/pdf/2019-20.pdf
b,grandview,18-19,https://www.grandview.edu/filesimages/PDF/Academics/Registrar/Grand%20View%20Catalog%2018-19.pdf
b,grandview,19-20,https://www.grandview.edu/filesimages/PDF/Academics/Registrar/Grand%20View%20Catalog%2019_20.pdf
u,holycross,16-17,https://college.holycross.edu/departments/catalog/20162017catalog.pdf
u,holycross,17-18,https://college.holycross.edu/departments/catalog/20172018catalog.pdf
u,holycross,18-19,https://college.holycross.edu/departments/catalog/20182019catalog.pdf
u,holycross,19-20,https://catalog.holycross.edu/pdf/2019-2020.pdf
u,iueast,16-17,https://www.iue.edu/catalog/documents/2016-17_catalog.pdf
u,iueast,17-18,https://www.iue.edu/catalog/documents/2017-18_Catalog.pdf
u,iueast,18-19,https://www.iue.edu/catalog/documents/2018-19_Catalog.pdf
u,iueast,19-20,https://www.iue.edu/catalog/documents/IndianaUniversityEast2019_2020Catalog.pdf
u,kalamazoo,16-17,http://www.kzoo.edu/catalog/KalamazooCollegeAcademicCatalog2016-17.pdf
u,kalamazoo,17-18,http://www.kzoo.edu/catalog/KalamazooCollegeAcademicCatalog2017-18.pdf
u,kalamazoo,18-19,http://www.kzoo.edu/catalog/KalamazooCollegeAcademicCatalog2018-19.pdf
u,kalamazoo,19-20,http://www.kzoo.edu/catalog/KalamazooCollegeAcademicCatalog2019-2020.pdf
u,mckendree,16-17,https://www.mckendree.edu/academics/info/course-catalogs/undergraduate-catalog-2016-2017.pdf
u,mckendree,17-18,https://www.mckendree.edu/academics/info/course-catalogs/undergraduate-catalog-2017-2018.pdf
u,mckendree,18-19,https://www.mckendree.edu/academics/info/course-catalogs/undergraduate-catalog-2018-2019.pdf
u,mckendree,19-20,https://www.mckendree.edu/academics/info/course-catalogs/undergraduate-catalog-2019-2020.pdf
g,mckendree,19-20,https://www.mckendree.edu/academics/info/course-catalogs/graduate-catalog-2019-2020.pdf
u,mckendree,20-21,https://www.mckendree.edu/academics/info/course-catalogs/undergraduate-catalog-2020-2021.pdf
u,mit,16-17,http://catalog.mit.edu/archive/mit-subjects-16-17-aug2016.pdf
u,mit,17-18,http://catalog.mit.edu/archive/mit-subjects-17-18.pdf
u,mit,18-19,http://catalog.mit.edu/archive/mit-subjects-18-19.pdf
u,mit,19-20,http://catalog.mit.edu/archive/mit-subjects-19-20.pdf
u,northcentralmissouri,16-17,https://www.ncmissouri.edu/academics/wp-content/uploads/sites/2/2016/10/Catalog-2016-2017-PDF.pdf
u,northcentralmissouri,17-18,https://www.ncmissouri.edu/academics/wp-content/uploads/sites/2/2017/08/College-Catalog-17-18.pdf
u,northcentralmissouri,18-19,https://www.ncmissouri.edu/academics/wp-content/uploads/sites/2/2018/06/2018-19-Final-Version-ADA-Compliant.pdf
u,northcentralmissouri,19-20,https://www.ncmissouri.edu/academics/wp-content/uploads/sites/2/2019/06/College-Catalog-2019-2020.pdf
u,northwestern,16-17,https://www.registrar.northwestern.edu/documents/registration/catalog-archive/2016-17_NU_Undergraduate_Catalog.pdf
u,northwestern,17-18,https://www.registrar.northwestern.edu/documents/registration/catalog-archive/2017-18_NU_Undergraduate_Catalog.pdf
u,northwestern,18-19,https://www.registrar.northwestern.edu/documents/registration/catalog-archive/2018-2019_undergraduate_catalog.pdf
u,northwestern,19-20,https://catalogs.northwestern.edu/pdf/2019-2020-undergraduate.pdf
g,northwestern,19-20,https://catalogs.northwestern.edu/pdf/2019-2020-tgs.pdf
u,notredamecollege,19-20,https://www.notredamecollege.edu/wp-content/uploads/2020/05/2019-2020-Undergraduate-Catalog-5.4.2020.pdf
u,notredamecollege,20-21,https://www.notredamecollege.edu/wp-content/uploads/2020/06/2020-2021-Undergraduate-Catalog-6.18.2020.pdf
g,notredamecollege,19-20,https://www.notredamecollege.edu/wp-content/uploads/2020/05/Graduate_Catalog_-2019-2020-as-of-3.26.19.pdf
g,notredamecollege,20-21,https://www.notredamecollege.edu/wp-content/uploads/2020/05/Graduate-Catalog-2020-2021.pdf
u,pepperdine,16-17,https://seaver.pepperdine.edu/academics/content/2016seavercatalog.pdf
u,pepperdine,17-18,https://seaver.pepperdine.edu/academics/content/2017seavercatalog.pdf
u,pepperdine,18-19,https://seaver.pepperdine.edu/academics/content/2018seavercatalog.pdf
u,pepperdine,19-20,https://seaver.pepperdine.edu/academics/content/2019-seaver-catalog.pdf
u,pepperdine,20-21,https://seaver.pepperdine.edu/academics/content/2020-seaver-catalog.pdf
u,pittsburgh,16-17,https://catalog.upp.pitt.edu/mime/media/5/3331/2016-2017+UGRD+Catalog.pdf
g,pittsburgh,16-17,https://catalog.upp.pitt.edu/mime/media/6/3330/2016-2017+GRAD+Catalog.pdf
u,pittsburgh,17-18,https://catalog.upp.pitt.edu/mime/media/72/3922/2017-2018+UGRD+Catalog.pdf
g,pittsburgh,17-18,https://catalog.upp.pitt.edu/mime/media/73/3924/2017-2018+GRAD+Catalog1.pdf
u,pittsburgh,18-19,https://catalog.upp.pitt.edu/mime/media/132/4422/2018-2019+Undergraduate+Catalog.pdf
g,pittsburgh,18-19,https://catalog.upp.pitt.edu/mime/media/136/4423/2018-2019+Graduate-Professional+Studies+Catalog.pdf
u,pittsburgh,19-20,https://catalog.upp.pitt.edu/mime/media/170/4772/2019-2020+Undergraduate+Catalog.pdf
g,pittsburgh,19-20,https://catalog.upp.pitt.edu/mime/media/171/4773/2019-2020+Graduate+%26+Professional+Studies+Catalog.pdf
u,purdue,17-18,http://catalog.purdue.edu/mime/media/8/3232/2017-18+Courses.pdf
u,purdue,19-20,https://catalog.purdue.edu/mime/media/10/4069/Courses.pdf
u,regis,16-17,https://www.regis.edu/_documents/academics/catalogs/RegisAcademicCatalog_2016-2017.pdf
u,regis,17-18,https://www.regis.edu/_documents/academics/catalogs/RegisAcademicCatalog_2017-2018.pdf
u,regis,18-19,https://www.regis.edu/_documents/academics/catalogs/RegisAcademicCatalog_2018-2019.pdf
u,regis,19-20,https://www.regis.edu/_documents/academics/catalogs/RegisAcademicCatalog_2019-2020.pdf
u,rosemont,17-18,https://www.rosemont.edu/_resources/site-pdfs/registrar/academic_catalogs/2017-2018_academic_catalog.pdf
u,rosemont,18-19,https://www.rosemont.edu/_resources/site-pdfs/registrar/2018-2019/2018-2019-academic.catalog.pdf
u,rosemont,19-20,https://www.rosemont.edu/academics/registrar/2019-2020-academic-catalog.pdf
u,sagu,16-17,https://www.sagu.edu/documents/Academics/Catalogs/Undergraduate%20Catalogs/2016-2017%20Undergraduate%20Catalog/Undergrad_Catalog_Web.pdf
g,sagu,16-17,https://www.sagu.edu/documents/Academics/Catalogs/Graduate%20Catalogs/2016-2017%20Graduate%20Catalog/Grad_Catalog_Web.pdf
u,sagu,17-18,https://www.sagu.edu/documents/Academics/Catalogs/Undergraduate%20Catalogs/2017-2018%20Undergraduate%20Catalog/Undergrad_Catalog_Web.pdf
g,sagu,17-18,https://www.sagu.edu/documents/Academics/Catalogs/Graduate%20Catalogs/2017-2018%20Graduate%20Catalog/Grad_Catalog_Web.pdf
u,sagu,18-19,https://www.sagu.edu/documents/Academics/Catalogs/Undergraduate%20Catalogs/2018-2019%20Undergraduate%20Catalog/Undergrad_Catalog_Web_2018.pdf
g,sagu,18-19,https://www.sagu.edu/documents/Academics/Catalogs/Graduate%20Catalogs/2018-2019%20Graduate%20Catalog/Grad_Catalog_Web_2018.pdf
u,sagu,19-20,https://www.sagu.edu/documents/Academics/Catalogs/Undergraduate%20Catalogs/2019-2020%20Undergraduate%20Catalog/Undergrad_Catalog_Web_2019.pdf
g,sagu,19-20,https://www.sagu.edu/documents/Academics/Catalogs/Graduate%20Catalogs/2019-2020%20Graduate%20Catalog/Grad_Catalog_Web_2019.pdf
u,sagu,20-21,https://www.sagu.edu/documents/Academics/Catalogs/Undergraduate%20Catalogs/2020-2021%20Undergraduate%20Catalog/UndergraduateCatalog_2021_FINAL.pdf
g,sagu,20-21,https://www.sagu.edu/documents/Academics/Catalogs/Graduate%20Catalogs/2020-2021%20Graduate%20Catalog/GraduateCatalog_2021_FINAL.pdf
u,saintxavier,16-17,https://www.sxu.edu/catalog/_resources/documents/undergraduate-catalog-2016-17.pdf
g,saintxavier,16-17,https://www.sxu.edu/catalog/_resources/documents/graduate-catalog-2016-17.pdf
u,saintxavier,17-18,https://www.sxu.edu/catalog/_resources/documents/undergraduate-catalog-2017-18.pdf
g,saintxavier,17-18,https://www.sxu.edu/catalog/_resources/documents/graduate-catalog-2017-18.pdf
u,saintxavier,18-19,https://www.sxu.edu/catalog/_resources/documents/undergraduate-catalog-2018-19.pdf
g,saintxavier,18-19,https://www.sxu.edu/catalog/_resources/documents/graduate-catalog-2018-19.pdf
u,saintxavier,19-20,https://www.sxu.edu/catalog/_resources/documents/undergraduate-catalog-2019-20.pdf
g,saintxavier,19-20,https://www.sxu.edu/catalog/_resources/documents/graduate-catalog-2019-20.pdf
u,sewanee,16-17,http://e-catalog.sewanee.edu/arts-sciences-archives/2016-17_College_Catalog.pdf
u,sewanee,17-18,http://e-catalog.sewanee.edu/arts-sciences-archives/2017-18_College_Catalog.pdf
u,sewanee,18-19,http://e-catalog.sewanee.edu/pdf/2018-2019_ArtsAndSciences.pdf
u,sewanee,19-20,http://e-catalog.sewanee.edu/pdf/2019-2020_ArtsAndSciences.pdf
u,smith,16-17,https://catalog.smith.edu/catalog_docs/SmithCatalogue2016-17.pdf
u,smith,17-18,https://catalog.smith.edu/catalog_docs/SmithCatalogue2017-18.pdf
u,smith,18-19,https://catalog.smith.edu/catalog_docs/SmithCatalogue2018-19.pdf
b,smith,19-20,https://catalog.smith.edu/catalog_docs/SmithCatalogue2019-20.pdf
u,southernmethodist,16-17,https://www.smu.edu/-/media/Site/catalog/PDF/UGrad/2016/2016-2017-SMU-Undergraduate-Catalog.pdf?la=en
u,southernmethodist,17-18,https://www.smu.edu/-/media/Site/catalog/PDF/UGrad/2017/Undergraduate-Catalog.pdf?la=en
u,southernmethodist,18-19,https://www.smu.edu/-/media/Site/catalog/PDF/UGrad/2018/Undergraduate-Catalog-2018-2019.pdf?la=en
g,southernmethodist,18-19,https://www.smu.edu/-/media/Site/catalog/PDF/Grad/2018/Graduate-Catalog-2018-2019.pdf?la=en
u,southernmethodist,19-20,https://www.smu.edu/-/media/Site/catalog/PDF/UGrad/2019/20192020-Undergraduate-Catalog-Final-82019.pdf?la=en
g,southernmethodist,19-20,https://www.smu.edu/-/media/Site/catalog/PDF/Grad/2019/20192020-Graduate-Catalog-Final-91919.pdf?la=en
u,southwestbaptist,17-18,https://www.sbuniv.edu/_resources/documents/catalog/catalog17-18.pdf
u,southwestbaptist,18-19,https://www.sbuniv.edu/_resources/documents/catalog/catalog18-19.pdf
u,southwestbaptist,19-20,https://www.sbuniv.edu/_resources/documents/catalog/undergrad-catalog.pdf
g,southwestbaptist,19-20,https://www.sbuniv.edu/_resources/documents/catalog/grad-catalog.pdf
b,stanford,19-20,https://exploredegrees.stanford.edu/pdf/2019-20.pdf
u,swarthmore,16-17,https://www.swarthmore.edu/sites/default/files/assets/documents/registrar/2016-2017.pdf
u,swarthmore,17-18,https://www.swarthmore.edu/sites/default/files/assets/documents/registrar/2017-2018.pdf
u,swarthmore,18-19,https://www.swarthmore.edu/sites/default/files/assets/documents/registrar/2018-2019_Catalog.pdf
u,swarthmore,19-20,https://www.swarthmore.edu/sites/default/files/assets/documents/registrar/2019-2020_Catalog.pdf
u,texasam,16-17,https://catalog.tamu.edu/archives/2016-2017_Texas_A_M_University_Undergraduate_Catalog_Secured.pdf
u,texasam,17-18,https://catalog.tamu.edu/archives/Update_UG_CAT_PDF_w_Spring_Calendar_Addendum_SECURED.pdf
u,texasam,18-19,https://catalog.tamu.edu/archives/TAMU_2018-19-Undergraduate_Catalog_SECURED.pdf
u,texasam,19-20,https://catalog.tamu.edu/archives/Updated_2019-2020_TAMU_Undergraduate_Catalog_SECURED.pdf
b,ucdavis,16-18,https://local-resources.ucdavis.edu/local_resources/docs/catalog/GenCat20162018.pdf
b,ucdavis,18-19,https://local-resources.ucdavis.edu/local_resources/docs/catalog/GenCat20182019-Final.pdf
b,ucdavis,19-20,https://local-resources.ucdavis.edu/local_resources/docs/catalog/GenCat20192020-Final.pdf
b,ucdavis,20-21,https://local-resources.ucdavis.edu/local_resources/docs/catalog/GenCat20202021.pdf
b,uniillinois,16-17,http://catalog.illinois.edu/pdf/2016-17.pdf
b,uniillinois,17-18,http://catalog.illinois.edu/archivedacademiccatalogs/2017-18.pdf
b,uniillinois,18-19,http://catalog.illinois.edu/archivedacademiccatalogs/2018-19.pdf
b,uniillinois,19-20,http://catalog.illinois.edu/archivedacademiccatalogs/2019-20.pdf
b,uniillinois,20-21,http://catalog.illinois.edu/pdf/2020-21.pdf
u,uniofchicago,17-18,http://collegecatalog.uchicago.edu/thecollege/archives/2017-2018.pdf
u,uniofchicago,18-19,http://collegecatalog.uchicago.edu/thecollege/archives/2018-2019.pdf
b,uniofchicago,19-20,http://collegecatalog.uchicago.edu/thecollege/archives/The_College_Catalog_2019-20.pdf
u,union,16-17,https://catalog.union.edu/mime/media/20/721/Union+College+2016-2017+Academic+Catalog.pdf
u,union,17-18,https://catalog.union.edu/mime/media/20/742/Union+College+2017-2018+Academic+Catalog.pdf
u,union,18-19,https://catalog.union.edu/mime/media/20/773/Union+College+2018-2019+Academic+Catalog.pdf
u,union,19-20,https://catalog.union.edu/mime/media/20/786/Academic+Catalog+2019-2020.pdf
u,uninorthcarolina,16-17,https://catalog.unc.edu/archives/2016-17-ugrad.pdf
g,uninorthcarolina,16-17,https://catalog.unc.edu/archives/2016-17-grad.pdf
u,uninorthcarolina,17-18,https://catalog.unc.edu/archives/2017-18-ugrad.pdf
g,uninorthcarolina,17-18,https://catalog.unc.edu/archives/2017-18-grad.pdf
u,uninorthcarolina,18-19,https://catalog.unc.edu/archives/2018-19-ugrad.pdf
g,uninorthcarolina,18-19,https://catalog.unc.edu/archives/2018-19-grad.pdf
u,uninorthcarolina,19-20,https://catalog.unc.edu/pdf/2019-20-ugrad.pdf
g,uninorthcarolina,19-20,https://catalog.unc.edu/pdf/2019-20-grad.pdf
u,uninotredame,16-17,https://registrar.nd.edu/BOI/BOI1617UG.pdf
g,uninotredame,16-17,https://registrar.nd.edu/BOI/BOIARCH1617.pdf
u,uninotredame,17-18,https://registrar.nd.edu/BOI/BOI1718UG.pdf
g,uninotredame,17-18,https://registrar.nd.edu/BOI/BOIARCH1718.pdf
u,uninotredame,18-19,https://registrar.nd.edu/BOI/BOI1819UG.pdf
g,uninotredame,18-19,https://registrar.nd.edu/BOI/BOIARCH1819.pdf
u,uninotredame,19-20,https://registrar.nd.edu/BOI/BOI1920UG.pdf
g,uninotredame,19-20,https://registrar.nd.edu/BOI/BOIARCH1920.pdf
u,unioregon,16-17,http://uocatalog.uoregon.edu/pdf/2016-17.pdf
u,unioregon,17-18,http://uocatalog.uoregon.edu/pdf/2017-18.pdf
u,unioregon,18-19,http://uocatalog.uoregon.edu/pdf/2018-19.pdf
b,unioregon,19-20,http://uocatalog.uoregon.edu/pdf/2019-20.pdf
u,unitexas,18-20,https://catalog.utexas.edu/pdf/2018-20-undergraduate.pdf
g,unitexas,19-21,https://catalog.utexas.edu/pdf/2019-21-graduate.pdf
u,uniwestgeorgia,19-20,https://www.westga.edu/student-services/registrar/assets/docs/undergraduate-catalog-2019-2020.pdf
g,uniwestgeorgia,19-20,https://www.westga.edu/student-services/registrar/assets/docs/graduate-catalog-2019-2020.pdf
u,uniwisconsin,15-17,https://pubs.wisc.edu/home/archives/ug15/Courses20152017.html
g,uniwisconsin,16-17,https://pubs.wisc.edu/home/archives/grad16/Courses20162017.html
u,uniwisconsin,18-19,https://guide.wisc.edu/pdf/2018-2019-fall-courses.pdf
u,valpo,16-17,http://www.valpo.edu/registrar/files/2016/10/ucat16.pdf
g,valpo,16-17,http://www.valpo.edu/registrar/files/2016/10/gcat16-1.pdf
u,valpo,17-18,http://www.valpo.edu/registrar/files/2017/06/ucat17.pdf
g,valpo,17-18,http://www.valpo.edu/registrar/files/2017/07/gcat17.pdf
u,valpo,18-19,http://www.valpo.edu/registrar/files/2018/05/ucat18-3.pdf
g,valpo,18-19,http://www.valpo.edu/registrar/files/2018/06/gcat18.pdf
u,valpo,19-20,http://www.valpo.edu/registrar/files/2019/08/ucat1920.pdf
g,valpo,19-20,http://www.valpo.edu/registrar/files/2019/08/gcat19.pdf
u,vanderbilt,16-17,https://registrar.vanderbilt.edu/documents/2016_2017_UGAD.pdf
g,vanderbilt,16-17,https://registrar.vanderbilt.edu/documents/2016_2017_graduate.pdf
u,vanderbilt,17-18,https://registrar.vanderbilt.edu/documents/2017_2018_UGAD.pdf
g,vanderbilt,17-18,https://registrar.vanderbilt.edu/documents/2017_2018_graduate.pdf
u,vanderbilt,18-19,https://registrar.vanderbilt.edu/documents/UGAD_2018-2019.pdf
g,vanderbilt,18-19,https://registrar.vanderbilt.edu/documents/graduate_2018-2019.pdf
u,vanderbilt,19-20,https://www.vanderbilt.edu/catalogs/documents/UGAD.pdf
g,vanderbilt,19-20,https://www.vanderbilt.edu/catalogs/documents/graduate.pdf
u,virginiatech,16-17,https://www.undergradcatalog.registrar.vt.edu/2016-17%20Undergraduate%20Catalog.pdf
u,virginiatech,17-18,https://www.undergradcatalog.registrar.vt.edu/2017-18%20Undergraduate%20Catalog.pdf
u,virginiatech,18-19,https://www.undergradcatalog.registrar.vt.edu/2018-19%20Undergraduate%20Catalog.pdf
u,wakeforest,16-17,http://static.wfu.edu/files/pdf/academics/ugb2016-2017.pdf
u,wakeforest,17-18,http://prod.wp.cdn.aws.wfu.edu/sites/251/2016/10/ugb2017-2018.pdf
u,wakeforest,18-19,https://bulletin.wfu.edu/pdf/2018-2019.pdf
u,wakeforest,19-20,https://bulletin.wfu.edu/pdf/2019-2020.pdf
b,wesleyan,16-17,https://wesfiles.wesleyan.edu/departments/Reg/Course%20Catalog/Public/WesleyanUniversityCatalog2016-2017.pdf
b,wesleyan,17-18,https://wesfiles.wesleyan.edu/departments/Reg/Course%20Catalog/Public/WesleyanUniversityCatalog2017-2018.pdf
b,wesleyan,18-19,https://catalog.wesleyan.edu/pdf/2018-2019.pdf
b,wesleyan,19-20,https://catalog.wesleyan.edu/pdf/2019-2020.pdf
b,williamjewell,19-20,https://jewell.edu/sites/default/files/pdf/2019-2020_course_catalog.pdf
u,williammary,16-17,https://www.wm.edu/offices/registrar/documents/catalog/prioryearcatalogs/UG201617Catalog.pdf]
g,williammary,16-17,https://www.wm.edu/offices/registrar/documents/catalog/prioryearcatalogs/GRAD2016-17Catalog.pdf
u,williammary,17-18,https://www.wm.edu/offices/registrar/documents/catalog/prioryearcatalogs/2017-18-UG-Catalog-Master-File-w.-Table-of-Contents.pdf
g,williammary,17-18,https://www.wm.edu/offices/registrar/documents/catalog/prioryearcatalogs/2017-18-GRAD-Catalog-Master-File-w.-Table-of-Contents.pdf
u,williammary,18-19,https://www.wm.edu/offices/registrar/documents/catalog/prioryearcatalogs/2018-19ugcatalogtoc.pdf
g,williammary,18-19,https://www.wm.edu/offices/registrar/documents/catalog/prioryearcatalogs/2018-19gradcatalogtoc.pdf
u,williammary,19-20,https://www.wm.edu/offices/registrar/documents/catalog/prioryearcatalogs/ug201920catalog.pdf
g,williammary,19-20,https://www.wm.edu/offices/registrar/documents/catalog/prioryearcatalogs/grad2019-20catalog.pdf
u,williamwoods,16-17,https://www.williamwoods.edu/current_students/registrar/docs/catalogs/1617-undergraduate.pdf
g,williamwoods,16-17,https://www.williamwoods.edu/current_students/registrar/docs/catalogs/1617-graduate.pdf
u,williamwoods,17-18,https://www.williamwoods.edu/current_students/registrar/docs/catalogs/1718-undergraduate.pdf
g,williamwoods,17-18,https://www.williamwoods.edu/current_students/registrar/docs/catalogs/1718-graduate.pdf
u,williamwoods,18-19,https://www.williamwoods.edu/current_students/registrar/docs/catalogs/1819-catalog.pdf
g,williamwoods,18-19,https://www.williamwoods.edu/current_students/registrar/docs/catalogs/1819-catalog.pdf
u,williamwoods,19-20,https://www.williamwoods.edu/current_students/registrar/docs/catalogs/1920-catalog.pdf
g,williamwoods,19-20,https://www.williamwoods.edu/current_students/registrar/docs/catalogs/1920-catalog.pdf
u,youngstown,18-19,https://catalog.ysu.edu/pdf/2018-2019-ugrad.pdf
g,youngstown,18-19,https://catalog.ysu.edu/pdf/2018-2019-grad.pdf
u,youngstown,19-20,https://catalog.ysu.edu/pdf/2019-2020-ugrad.pdf
g,youngstown,19-20,https://catalog.ysu.edu/pdf/2019-2020-grad.pdf




